D,r,., ,S,a,n,k,a,l,p, ,G,h,a,r,a,t
N,a,p,a,y,u,r,v,e,d,a, ,P,a,n,c,h,k,a,r,m,a, ,&, ,W,e,.,.
D,r,., ,P,r,a,k,a,s,h, ,R, ,J,o,s,h,i
D,r,., ,G,o,u,r,i, ,M,a,n,d,a,r, ,B,o,r,k,a,r
A,y,u,r,m,a,n,t,r,a, ,A,y,u,r,v,e,d,i,c, ,P,a,n,c,h,k,.,.
D,r,., ,M,a,m,t,a, ,T,r,i,v,e,d,i
H,e,a,l,t,h, ,N,a,t,u,r,a,l,s, ,A,y,u,r,v,e,d,i,c, ,W,.,.
V,a,l,k,h,a,d,e,s, ,D,h,a,n,v,a,n,t,r,i, ,C,l,i,n,i,c
S,a,n,e, ,C,a,r,e, ,M,a,d,h,a,v,b,a,u,g, ,A,y,u,r,v,e,.,.
N,a,t,u,r,a,h,i,l,l,s, ,A,y,u,r,v,e,d,a, ,D,e,t,o,x, ,.,.
D,r,., ,P,r,i,y,a,n,k,a,s, ,A,a,s,t,h,a, ,A,y,u,r,v,e,.,.
A,y,u,r,a,s,h,m,i, ,C,l,i,n,i,c
L,a,x,m,i, ,C,l,i,n,i,c
K,e,r,a,l,a, ,A,y,u,r,v,e,d,a
D,r,.,V,a,r,m,a, ,k,o,t,t,a,k,a,l, ,A,r,y,a, ,V,a,i,d,.,.
A,y,u,s,h,a,k,t,i, ,A,y,u,r,v,e,d, ,P,v,t, ,L,t,d
K,e,r,a,l,a, ,A,y,u,r,v,e,d,a
K,a,l,p,a,t,a,r,u, ,A,y,u,r,v,e,d,a
S,h,u,d,d,h,i, ,C,l,i,n,i,c, ,B,y, ,A,c,h,a,r,y,a, ,M,.,.
D,r,., ,T,a,m,b,e,s, ,A,y,u,r,v,e,d
S,a,h,a,r, ,A,y,u,r,v,e,d,i,c
J,i,v,a, ,A,y,u,r,v,e,d,a, ,C,l,i,n,i,c, ,&, ,P,a,n,c,.,.
M,a,d,h,a,v,b,a,u,g, ,G,h,o,d,b,u,n,d,e,r, ,C,l,i,n,i,.,.
D,r,., ,M, ,M, ,S,a,t,h,a,y,e
J,e,e,v,a,d,h,a,r,a, ,K,e,r,a,l,a, ,A,y,u,r,v,e,d,a, ,.,.
S,h,r,e,e, ,V,i,s,h,w,a,m,i,t,r,a, ,A,y,u,r,v,e,d,a, ,.,.
T,e,j,a,s,v,e,e, ,A,y,u,r,v,e,d, ,&, ,P,a,n,c,h,k,a,r,.,.
S,a,m,a,n,w,a,y,a, ,A,y,u,r,v,e,d,i,c, ,A,n,d, ,P,a,n,.,.
A,a,r,a,a,d,h,a,n,a,a, ,A,y,u,r,v,e,d, ,&, ,P,a,n,c,h,.,.
A,m,r,u,t, ,A,y,u,r,v,e,d, ,&, ,P,a,n,c,h,a,k,a,r,m,a,.,.
B,v,d
D,r, ,R,a,j,e,s,h,w,a,r,i, ,B,u,c,h
D,r,., ,B,a,k,h,l,e, ,C,l,i,n,i,c
S,h,r,e,e, ,V,i,s,h,w,a,m,a,t,r,e, ,A,y,u,r,v,e,d, ,C,.,.
D,e,v,i,k,a, ,A,y,u,r,v,e,d,i,c
D,r, ,G,o,v,i,n,d,s, ,O,j,a,s, ,M,u,l,t,i,s,p,e,c,i,a,.,.
S,h,r,e,e, ,V,i,s,h,w,a,r,u,t,u, ,A,y,u,r,v,e,d,i,c, ,.,.
S,h,a,n,t,a,-,D,u,r,g,a, ,C,l,i,n,i,c
H,e,r,b,a,l, ,A,y,u,r,v,e,d,i,c, ,A,n,d, ,P,a,n,c,h,k,.,.
P,a,r,a,s,r,a,m, ,A,y,u,r,v,e,d,i,c, ,J,u,n,c,t,i,o,n
D,r, ,A,n,i,s,h, ,G,u,p,t,a
A,y,u,s,h,a,k,t,i, ,A,y,u,r,v,e,d, ,P,v,t, ,L,t,d
H,e,a,l,t,h, ,S,o,l,u,t,i,o,n,s
A,y,u,r,v,e,d, ,a,n,d, ,N,a,t,u,r,e,c,u,r,e, ,w,i,t,h,.,.
P,a,r,m,i, ,A,y,u,r,v,e,d,i,c, ,C,l,i,n,i,c, ,A,n,d, ,.,.
S,h,r,e,e, ,V,i,s,h,w,a,t,r,i,l,o,c,h,a,n
V,i,s,h,w,a,s,h,r,e,e, ,A,y,u,r,v,e,d,a, ,a,n,d, ,P,a,.,.
C,h,h,e,d,a, ,A,y,u,r,v,e,d
J,i,v,a, ,A,y,u,r,v,e,d,a, ,C,l,i,n,i,c, ,&, ,P,a,n,c,.,.
A,a,s,t,h,a, ,A,y,u,r,v,e,d,i,c, ,C,l,i,n,i,c, ,a,n,d,.,.
P,i,l,e,s, ,C,l,i,n,i,c
J,i,v,a, ,A,y,u,r,v,e,d,a, ,C,l,i,n,i,c
J,i,v,a, ,A,y,u,r,v,e,d,a, ,C,l,i,n,i,c, ,&, ,P,a,n,c,.,.
D,r,., ,A,r,t,i,s, ,C,e,n,t,r,e, ,F,o,r, ,A,y,u,r,v,e,.,.
C,h,a,r,a,k, ,H,e,a,l,t,h, ,C,e,n,t,r,e
S,w,a,s,t,h,a,y,u, ,A,y,u,r,v,e,d,a, ,a,n,d, ,P,a,n,c,.,.
W,e,l,l,n,e,s,s, ,C,l,i,n,i,c
D,r,., ,A,a,s,h,i,s,h, ,P,h,a,d,k,e,s, ,A,y,u,r,v,i,s,.,.
K,o,t,t,a,k,k,a,l, ,A,r,y,a, ,V,a,i,d,y,a,s,a,l,a
D,r,., ,A,n,j,a,n,a, ,K,u,l,k,a,r,n,i
J,i,v,a,n,a,n,d, ,C,l,i,n,i,c
V,a,l,k,h,a,d,e,s, ,A,y,u,r,v,e,d,i,c
J,i,v,a, ,A,y,u,r,v,e,d,a, ,C,l,i,n,i,c
A,y,u,r,m,e,d,i,c,a, ,H,e,a,l,t,h,c,a,r,e, ,S,e,r,v,i,.,.
S,i,d,d,h,k,a,l,a, ,H,e,a,l,t,h, ,C,l,i,n,i,c
C,h,i,k,i,t,t,s,a, ,W,e,l,l,n,e,s,s, ,M,a,n,a,g,e,m,e,.,.
P,a,t,a,n,j,a,l,i, ,A,a,r,o,g,y,a, ,K,e,n,d,r,a
S,a,n,e, ,C,a,r,e, ,M,a,d,h,a,v,b,a,u,g, ,A,y,u,r,v,e,.,.
B,h,a,u, ,S,u,l,e, ,A,r,k,s,h,a,l,a
S,h,r,e,e, ,A,y,u,r,v,e,d, ,a,n,d, ,P,a,n,c,h,a,k,a,r,.,.
S,h,a,n,t,i, ,C,l,i,n,i,c
D,i,r,g,h,a,y,u, ,A,y,u,r,v,e,d, ,C,l,i,n,i,c
N,a,v,k,a,r, ,A,y,u,r,v,e,d,a
D,r, ,A,n,j,a,l,i,s, ,S,a,r,t,h,a,k, ,A,y,u,r,v,e,d,i,.,.
K,Z, ,H,i,j,a,m,a, ,H,e,a,l,t,h, ,C,u,r,e, ,C,l,i,n,i,.,.
D,i,v,y,a, ,V,e,d,a, ,L,i,f,e, ,R,e,j,u,v,e,n,a,t,i,o,.,.
D,r,., ,D,., ,A,N,A,N,D
G,u,r,u,k,r,u,p,a, ,A,y,u,r,v,e,d,a, ,C,l,i,n,i,c
D,r,., ,S,h,e,m,p,i,e, ,G,u,p,t,a
D,r,., ,D,a,r,s,h,a,n,a, ,P,o,r,e,c,h,a,s, ,A,y,u,r,v,.,.
D,r,., ,A,a,s,h,i,s,h, ,P,h,a,d,k,e,s, ,A,y,u,r,v,i,s,.,.
S,h,i,v,t,i,r,t,h, ,A,y,u,r,v,e,d
S,k, ,P,h,a,r,m,a,c,y, ,A,c,a,d,e,m,y
V,a,i,d,y,a, ,A,j,a,y, ,M,.,D,.,A,y,u, ,K,e,r,a,l,a
P,a,t,w,a,r,d,h,a,n, ,A,y,u,r,v,e,d,i,c, ,C,l,i,n,i,c
D,i,r,g,h,a,y,u,h, ,T,r,e,a,t,m,e,n,t, ,C,e,n,t,e,r
P,I,S,H,A,A, ,N,a,i,l, ,L,a,s,h,e,s, ,S,p,a, ,&, ,P,a,.,.
S,h,a,r,a,y,u, ,A,y,u,r,v,e,d,a
A,y,u,r, ,P,r,a,t,h,a,m, ,C,l,i,n,i,c, ,&, ,W,e,i,g,h,.,.
D,r,., ,K,u,r,h,a,d,e,s, ,S,a,n,j,e,e,v,a,n,i, ,M,u,l,.,.
D,r,., ,A,s,h,u,t,o,s,h, ,R,., ,N,a,d,k,a,r,n,i
R,a,s,a, ,S,h,i,v,a,m, ,A,y,u,r,v,e,d, ,C,l,i,n,i,c, ,.,.
K,a,f,i,y,a, ,H,e,a,l,t,h, ,C,a,r,e, ,&, ,U,n,a,n,i, ,.,.
S,h,r,e,e, ,V,i,s,h,w,a,v,a,n,t, ,A,y,u,r,v,e,d, ,C,h,.,.
M,a,d,h,a,v,b,a,u,g, ,D,o,m,b,i,v,a,l,i, ,M,i,d,c, ,C,.,.
D,r, ,D,e,v,e,n,d,r,a,n,a,t,h, ,D, ,D,u,s,a,n,e
M,a,d,h,a,v,b,a,u,g, ,C,l,i,n,i,c
K,e,r,a,l,a, ,A,y,u,r,v,e,d,i,c, ,A,y,u,r,v,e,d,a, ,K,.,.
I,r,a, ,A,y,u,r,v,e,d,i,c, ,C,l,i,n,i,c, ,A,n,d, ,P,a,.,.
A,s,i,n,a,n,d,h, ,H,e,a,l,t,h, ,C,a,r,e
